Cross iteration,Iteration,Cost,Accuracy
1.0,1.0,0.813484755424701,0.82
1.0,2.0,0.7985792701160115,0.82
1.0,3.0,0.7725995045539957,0.74
1.0,4.0,0.7445284126292178,0.78
1.0,5.0,0.7172722967833443,0.72
2.0,1.0,0.8145892757872197,0.82
2.0,2.0,0.7970933091799682,0.82
2.0,3.0,0.7713067387430351,0.92
2.0,4.0,0.737118988398953,0.88
2.0,5.0,0.7015072314773131,0.88
