Iterations mean,Iterations dev,Cost mean,Cost dev,Accuracy mean,Accuracy dev,Seconds
5.0,0.0,0.7093897641303286,0.011147584583743413,0.8,0.11313708498984762,7.260054434002086
