Iterations mean,Iterations dev,Cost mean,Cost dev,Accuracy mean,Accuracy dev,Seconds
8.0,0.0,0.8664449982176939,0.023708971386438685,0.7964285714285715,0.09151967187515508,353.6030882339983
