Iterations mean,Iterations dev,Cost mean,Cost dev,Accuracy mean,Accuracy dev,Seconds
200.0,0.0,0.8228690849403062,0.01683570781221735,0.7375,0.11295417267510108,8904.073028151004
